timeStamp, objectId, objectLocationX, objectLocationY, objectScaleX, objectScaleY, objectSpeedX, objectSpeedY, objectColorR, objectColorG, objectColorB,
1, 8, 380, 660, 120, 120, 50, 20, 121, 40, 173,
1, 9, 680, 560, 180, 60, 40, 10, 183, 75, 82,
3, 0, 660, 870, 110, 60, 70, 70, 125, 73, 104,
3, 0, 120, 60, 60, 160, 10, 50, 193, 79, 74,
3, 2, 460, 860, 220, 100, 0, 0, 14, 56, 51,
3, 1, 750, 210, 170, 90, 50, 0, 83, 85, 55,
3, 6, 430, 750, 220, 120, 20, 20, 184, 32, 17,
4, 7, 240, 530, 240, 140, 90, 10, 60, 42, 156,
4, 8, 340, 160, 190, 100, 90, 70, 230, 204, 204,
4, 5, 640, 570, 160, 70, 30, 30, 226, 252, 66,
4, 9, 190, 760, 230, 120, 90, 40, 132, 33, 33,
4, 6, 360, 360, 130, 190, 90, 80, 220, 26, 234,
5, 8, 320, 380, 190, 100, 20, 10, 73, 111, 222,
5, 2, 950, 810, 140, 230, 80, 50, 17, 181, 178,
5, 6, 230, 360, 230, 160, 90, 80, 130, 141, 231,
5, 3, 500, 670, 160, 160, 10, 50, 41, 242, 120,
8, 8, 550, 570, 50, 90, 40, 50, 53, 145, 150,
9, 7, 980, 250, 170, 190, 70, 20, 37, 237, 124,
9, 8, 220, 670, 90, 110, 20, 60, 226, 142, 33,
9, 7, 430, 500, 60, 90, 50, 30, 24, 178, 133,
9, 9, 630, 950, 120, 80, 50, 90, 169, 254, 59,
11, 9, 270, 460, 90, 50, 10, 10, 51, 136, 49,
11, 0, 390, 950, 240, 200, 40, 30, 35, 72, 197,
12, 5, 480, 80, 100, 230, 60, 90, 172, 199, 6,
12, 5, 360, 580, 160, 230, 50, 50, 215, 166, 244,
12, 3, 740, 910, 120, 240, 40, 30, 206, 124, 128,
12, 7, 640, 200, 220, 70, 50, 20, 175, 60, 40,
15, 8, 110, 490, 200, 170, 0, 80, 55, 78, 216,
15, 4, 920, 200, 80, 60, 90, 20, 230, 226, 143,
17, 6, 610, 10, 180, 220, 80, 80, 219, 41, 106,
17, 4, 140, 650, 60, 200, 30, 60, 37, 115, 95,
17, 2, 620, 490, 220, 50, 40, 90, 94, 147, 93,
20, 6, 550, 390, 220, 90, 40, 90, 58, 217, 218,
20, 6, 600, 600, 140, 210, 10, 20, 62, 50, 126,
20, 1, 80, 520, 120, 190, 10, 50, 86, 135, 199,
22, 4, 280, 390, 80, 150, 20, 10, 159, 220, 103,
22, 2, 700, 870, 110, 160, 40, 20, 50, 98, 100,
23, 4, 430, 90, 190, 180, 20, 70, 175, 238, 87,
26, 8, 860, 860, 90, 120, 80, 0, 159, 216, 208,
26, 5, 830, 920, 70, 100, 0, 50, 251, 97, 243,
27, 0, 200, 180, 190, 60, 70, 90, 163, 198, 169,
27, 1, 920, 180, 140, 210, 30, 0, 13, 130, 120,
27, 5, 690, 820, 140, 50, 90, 10, 50, 226, 206,
29, 0, 820, 680, 80, 150, 60, 50, 148, 75, 11,
29, 3, 180, 710, 90, 210, 20, 30, 156, 179, 141,
32, 7, 970, 270, 80, 140, 70, 80, 52, 35, 225,
32, 1, 830, 640, 160, 70, 30, 90, 141, 156, 98,
32, 8, 450, 290, 220, 50, 50, 20, 184, 111, 172,
32, 0, 20, 150, 150, 90, 90, 70, 84, 76, 239,
32, 4, 920, 380, 160, 150, 80, 0, 211, 7, 179,
34, 6, 130, 430, 120, 150, 30, 80, 168, 193, 146,
36, 3, 190, 130, 110, 120, 40, 90, 101, 246, 8,
36, 6, 800, 490, 220, 220, 40, 40, 104, 245, 16,
36, 3, 610, 490, 80, 70, 60, 40, 85, 219, 100,
39, 6, 410, 420, 200, 90, 90, 90, 171, 203, 9,
40, 3, 650, 230, 120, 160, 50, 70, 131, 253, 11,
40, 9, 270, 490, 90, 100, 30, 60, 78, 179, 248,
41, 8, 960, 560, 180, 140, 30, 70, 6, 132, 184,
41, 2, 240, 0, 240, 230, 0, 60, 107, 84, 176,
41, 1, 990, 620, 180, 200, 30, 50, 48, 95, 12,
41, 5, 160, 750, 80, 230, 40, 40, 172, 253, 105,
43, 7, 440, 120, 180, 90, 60, 90, 13, 181, 188,
43, 9, 880, 420, 180, 180, 90, 90, 46, 68, 87,
43, 7, 240, 400, 150, 80, 70, 30, 175, 47, 104,
45, 7, 230, 180, 210, 230, 20, 20, 254, 2, 20,
48, 4, 90, 960, 170, 140, 40, 90, 57, 186, 29,
48, 0, 770, 140, 150, 190, 0, 0, 111, 20, 153,
50, 2, 960, 880, 190, 60, 40, 90, 11, 142, 170,
50, 9, 700, 760, 150, 130, 10, 30, 4, 49, 133,
50, 8, 530, 680, 70, 210, 0, 80, 11, 185, 67,
50, 3, 890, 0, 60, 50, 60, 0, 239, 237, 196,
50, 9, 870, 250, 100, 70, 90, 20, 4, 0, 142,
53, 9, 10, 250, 130, 150, 70, 60, 101, 134, 187,
53, 0, 460, 340, 160, 130, 40, 20, 67, 53, 92,
53, 1, 640, 480, 90, 100, 40, 30, 124, 127, 134,
55, 6, 300, 210, 50, 50, 40, 70, 193, 105, 182,
55, 0, 950, 190, 200, 150, 40, 90, 184, 0, 10,
55, 5, 330, 540, 200, 160, 40, 70, 161, 232, 178,
58, 8, 10, 820, 80, 50, 90, 0, 25, 252, 225,
58, 5, 830, 870, 170, 100, 60, 0, 78, 8, 127,
58, 5, 450, 240, 90, 50, 40, 30, 100, 237, 154,
61, 7, 50, 30, 200, 130, 40, 70, 103, 195, 77,
64, 8, 630, 870, 220, 100, 80, 70, 157, 13, 32,
66, 6, 730, 510, 210, 80, 10, 0, 132, 40, 233,
69, 9, 290, 470, 150, 90, 10, 30, 161, 96, 161,
69, 0, 970, 30, 190, 80, 0, 60, 71, 66, 170,
69, 5, 240, 600, 90, 240, 40, 80, 148, 233, 230,
69, 3, 480, 300, 170, 210, 20, 0, 167, 81, 18,
69, 6, 820, 900, 100, 90, 10, 30, 137, 240, 173,
70, 5, 820, 850, 230, 150, 70, 80, 228, 199, 25,
70, 3, 290, 180, 200, 210, 50, 60, 170, 230, 251,
70, 5, 20, 600, 180, 100, 80, 70, 59, 168, 128,
72, 0, 420, 390, 240, 180, 60, 0, 113, 145, 113,
72, 3, 800, 550, 200, 130, 40, 90, 173, 120, 186,
72, 2, 180, 100, 170, 150, 70, 50, 51, 5, 80,
72, 8, 930, 390, 210, 180, 70, 0, 67, 159, 190,
74, 9, 840, 600, 90, 120, 0, 0, 127, 230, 212,
74, 8, 500, 20, 60, 200, 50, 20, 238, 116, 78,
74, 5, 480, 900, 60, 170, 40, 10, 194, 76, 129,
77, 3, 780, 80, 140, 180, 30, 60, 23, 200, 194,
79, 0, 80, 240, 170, 110, 40, 90, 174, 0, 12,
79, 7, 70, 120, 160, 80, 0, 10, 65, 186, 22,
79, 4, 890, 730, 210, 130, 20, 0, 6, 91, 47,
80, 2, 310, 660, 160, 100, 0, 0, 233, 241, 91,
81, 6, 950, 410, 110, 120, 70, 50, 169, 151, 156,
81, 0, 200, 160, 190, 90, 30, 80, 29, 31, 211,
81, 1, 180, 910, 90, 140, 10, 60, 110, 125, 164,
81, 8, 650, 230, 240, 170, 10, 40, 252, 9, 205,
84, 6, 500, 120, 100, 150, 80, 10, 40, 172, 147,
86, 4, 10, 470, 160, 240, 30, 70, 188, 171, 66,
86, 5, 160, 900, 90, 170, 50, 70, 109, 162, 42,
86, 3, 140, 340, 150, 150, 30, 60, 63, 90, 27,
86, 6, 810, 670, 120, 80, 20, 0, 68, 99, 27,
86, 2, 130, 140, 140, 180, 70, 60, 65, 174, 192,
88, 2, 610, 310, 190, 60, 20, 0, 22, 88, 92,
88, 0, 80, 770, 160, 90, 50, 20, 141, 126, 201,
91, 1, 690, 90, 230, 160, 50, 10, 196, 40, 5,
91, 6, 180, 570, 140, 130, 60, 80, 84, 88, 135,
92, 3, 680, 660, 70, 50, 70, 60, 54, 145, 182,
92, 4, 690, 530, 90, 240, 70, 80, 61, 199, 15,
92, 8, 220, 80, 130, 110, 40, 20, 39, 21, 249,
92, 5, 590, 980, 130, 60, 40, 0, 202, 114, 54,
92, 0, 930, 150, 210, 140, 10, 70, 38, 19, 162,
94, 0, 60, 670, 60, 70, 90, 0, 99, 134, 140,
94, 7, 60, 300, 70, 150, 0, 0, 215, 192, 109,
94, 1, 770, 800, 160, 110, 60, 80, 230, 14, 1,
94, 5, 320, 700, 200, 150, 70, 10, 38, 97, 201,
97, 0, 620, 980, 110, 230, 50, 10, 254, 236, 179,
99, 3, 400, 10, 180, 170, 20, 50, 224, 18, 224,
99, 5, 920, 760, 90, 240, 70, 0, 169, 99, 206,
99, 5, 770, 790, 50, 140, 70, 60, 115, 35, 153,
99, 1, 100, 790, 240, 60, 90, 40, 14, 178, 8,
100, 0, 140, 350, 230, 90, 0, 20, 251, 1, 114,
100, 6, 10, 600, 180, 50, 20, 40, 61, 208, 33,
100, 7, 310, 470, 60, 160, 60, 60, 113, 26, 5,
100, 3, 260, 380, 170, 230, 80, 60, 196, 40, 105,
100, 1, 500, 310, 220, 120, 0, 70, 174, 160, 88,
102, 1, 770, 150, 120, 100, 20, 0, 88, 242, 60,
102, 8, 460, 770, 130, 210, 0, 10, 29, 157, 85,
102, 6, 590, 960, 170, 130, 60, 20, 197, 132, 99,
102, 5, 250, 860, 110, 80, 0, 60, 231, 109, 162,
102, 0, 870, 890, 230, 230, 40, 90, 118, 99, 48,
103, 2, 390, 590, 180, 220, 10, 20, 19, 127, 141,
103, 1, 370, 720, 110, 140, 80, 30, 61, 172, 16,
103, 8, 990, 650, 70, 130, 30, 40, 76, 108, 175,
103, 7, 550, 740, 190, 160, 70, 50, 24, 201, 182,
104, 6, 290, 970, 240, 70, 60, 10, 65, 29, 254,
104, 4, 300, 180, 80, 60, 90, 10, 221, 10, 39,
104, 8, 120, 800, 70, 230, 10, 30, 84, 88, 219,
104, 3, 50, 510, 210, 160, 70, 30, 248, 159, 58,
106, 8, 990, 0, 60, 120, 10, 20, 127, 246, 182,
106, 7, 120, 160, 220, 90, 0, 50, 117, 81, 62,
106, 6, 60, 40, 100, 140, 10, 30, 95, 61, 23,
106, 2, 310, 250, 180, 70, 10, 10, 135, 113, 193,
106, 3, 990, 30, 200, 180, 0, 50, 19, 127, 218,
109, 7, 980, 400, 80, 240, 90, 20, 253, 226, 189,
109, 5, 870, 20, 180, 200, 90, 30, 231, 148, 120,
110, 5, 20, 470, 160, 90, 70, 80, 51, 77, 97,
110, 3, 580, 730, 80, 150, 60, 60, 48, 229, 141,
113, 5, 430, 230, 180, 100, 40, 0, 247, 23, 118,
113, 3, 190, 80, 240, 70, 50, 70, 197, 165, 55,
113, 4, 660, 240, 80, 180, 90, 50, 75, 153, 167,
113, 3, 780, 370, 90, 60, 60, 20, 154, 87, 20,
114, 7, 870, 320, 210, 180, 0, 0, 118, 53, 64,
114, 4, 350, 620, 200, 130, 30, 0, 63, 253, 66,
114, 4, 80, 20, 60, 110, 50, 70, 199, 125, 225,
116, 9, 450, 780, 230, 120, 70, 10, 78, 241, 167,
118, 2, 330, 90, 200, 190, 0, 20, 89, 156, 147,
118, 6, 720, 790, 130, 90, 70, 10, 213, 99, 88,
119, 0, 260, 750, 80, 50, 80, 50, 186, 222, 120,
119, 1, 900, 120, 60, 240, 70, 70, 237, 142, 249,
122, 9, 410, 600, 170, 90, 0, 30, 40, 97, 138,
122, 0, 150, 380, 150, 190, 0, 20, 192, 119, 160,
124, 8, 230, 490, 140, 120, 70, 90, 187, 117, 27,
124, 6, 80, 910, 100, 150, 0, 20, 163, 6, 175,
124, 7, 880, 470, 220, 160, 30, 30, 159, 12, 138,
124, 6, 690, 310, 100, 170, 0, 80, 232, 185, 12,
126, 2, 510, 950, 230, 240, 30, 60, 57, 100, 73,
126, 9, 430, 380, 190, 200, 50, 90, 178, 203, 183,
126, 6, 530, 40, 100, 190, 30, 70, 239, 137, 98,
129, 9, 500, 780, 70, 80, 30, 50, 249, 217, 212,
129, 9, 900, 320, 70, 110, 70, 40, 43, 180, 11,
129, 5, 390, 60, 200, 130, 0, 70, 217, 109, 41,
129, 1, 20, 0, 230, 160, 20, 40, 120, 60, 225,
129, 2, 350, 860, 90, 240, 60, 30, 67, 33, 0,
132, 8, 890, 970, 90, 230, 80, 90, 131, 15, 30,
132, 7, 890, 290, 190, 190, 40, 70, 8, 173, 246,
132, 1, 670, 510, 200, 70, 0, 30, 241, 90, 164,
132, 9, 180, 90, 130, 160, 90, 70, 152, 32, 187,
132, 6, 820, 290, 100, 190, 90, 60, 208, 34, 24,
134, 8, 320, 820, 150, 70, 90, 20, 137, 174, 47,
134, 3, 700, 180, 170, 160, 60, 20, 244, 195, 234,
134, 6, 230, 830, 60, 150, 70, 0, 14, 39, 20,
136, 9, 610, 290, 80, 120, 90, 90, 52, 240, 75,
136, 3, 170, 270, 210, 240, 80, 90, 13, 23, 166,
136, 2, 750, 540, 170, 110, 80, 0, 188, 172, 231,
136, 4, 180, 170, 210, 90, 50, 10, 44, 131, 52,
137, 0, 550, 40, 180, 180, 60, 90, 101, 214, 38,
137, 4, 480, 590, 210, 180, 90, 40, 203, 229, 3,
138, 7, 80, 550, 230, 100, 50, 10, 244, 108, 6,
138, 3, 130, 690, 70, 150, 40, 90, 120, 187, 163,
138, 9, 540, 990, 130, 220, 80, 40, 114, 195, 184,
138, 6, 80, 880, 170, 150, 80, 20, 112, 221, 3,
138, 4, 260, 110, 60, 230, 80, 70, 18, 40, 86,
140, 4, 390, 210, 180, 130, 80, 70, 84, 5, 181,
143, 8, 940, 670, 100, 70, 70, 50, 153, 111, 226,
143, 1, 730, 910, 180, 110, 10, 70, 132, 42, 199,
143, 1, 220, 500, 70, 130, 30, 30, 195, 250, 192,
143, 8, 770, 850, 210, 140, 70, 70, 10, 76, 96,
146, 2, 660, 120, 230, 200, 70, 80, 131, 123, 171,
146, 0, 590, 790, 70, 140, 10, 80, 120, 93, 210,
146, 7, 80, 140, 70, 230, 70, 30, 38, 103, 133,
146, 7, 360, 940, 110, 80, 80, 30, 111, 40, 233,
146, 8, 330, 430, 170, 50, 80, 10, 131, 153, 72,
147, 8, 900, 320, 60, 110, 80, 0, 77, 136, 54,
147, 2, 810, 830, 150, 50, 80, 50, 81, 1, 245,
147, 0, 730, 390, 80, 210, 30, 30, 72, 234, 32,
147, 1, 160, 180, 140, 100, 20, 70, 227, 48, 246,
148, 5, 90, 30, 190, 190, 10, 70, 244, 51, 88,
148, 0, 80, 390, 230, 190, 40, 40, 8, 194, 55,
148, 8, 120, 30, 210, 180, 80, 40, 182, 114, 152,
148, 7, 350, 280, 190, 190, 20, 30, 36, 36, 100,
149, 1, 340, 220, 80, 170, 40, 80, 228, 42, 30,
149, 6, 700, 550, 180, 220, 30, 90, 30, 158, 251,
149, 8, 90, 580, 230, 230, 80, 70, 252, 73, 116,
149, 9, 630, 640, 240, 140, 90, 50, 250, 206, 243,
150, 2, 630, 200, 160, 90, 30, 50, 238, 247, 219,
150, 4, 280, 160, 160, 80, 90, 0, 141, 223, 249,
151, 3, 610, 260, 240, 120, 60, 60, 140, 208, 197,
151, 9, 420, 960, 120, 150, 80, 60, 115, 155, 65,
151, 9, 420, 270, 220, 180, 30, 90, 7, 109, 210,
151, 9, 20, 390, 210, 100, 30, 70, 38, 39, 201,
151, 4, 270, 320, 230, 160, 70, 30, 198, 25, 69,
154, 7, 380, 320, 240, 150, 80, 20, 120, 15, 75,
154, 2, 780, 730, 220, 240, 80, 30, 4, 146, 111,
154, 8, 890, 670, 70, 80, 10, 30, 66, 140, 242,
154, 3, 520, 400, 140, 190, 60, 20, 133, 214, 177,
156, 8, 710, 790, 120, 130, 60, 70, 93, 138, 250,
157, 5, 540, 310, 140, 100, 80, 70, 80, 243, 96,
157, 6, 970, 70, 180, 220, 70, 40, 173, 116, 8,
160, 0, 700, 910, 120, 150, 80, 60, 81, 185, 101,
160, 9, 330, 670, 150, 90, 90, 50, 107, 107, 193,
160, 8, 420, 890, 150, 140, 60, 80, 86, 160, 50,
162, 7, 930, 650, 60, 240, 10, 20, 208, 70, 143,
162, 1, 730, 940, 70, 220, 80, 70, 253, 150, 38,
162, 5, 970, 300, 150, 210, 40, 60, 182, 37, 159,
164, 2, 720, 480, 120, 120, 10, 80, 170, 33, 142,
164, 4, 420, 190, 200, 160, 40, 40, 18, 246, 36,
164, 4, 800, 380, 190, 90, 80, 50, 134, 79, 28,
164, 8, 430, 670, 220, 50, 30, 60, 28, 155, 140,
167, 5, 540, 180, 230, 60, 60, 50, 165, 229, 83,
167, 9, 270, 70, 240, 120, 30, 90, 132, 221, 17,
167, 0, 260, 810, 90, 140, 70, 60, 8, 49, 208,
167, 2, 560, 0, 110, 180, 90, 80, 223, 211, 113,
167, 1, 190, 20, 50, 190, 80, 0, 115, 234, 109,
168, 1, 700, 250, 160, 100, 30, 20, 167, 129, 29,
168, 9, 740, 800, 140, 60, 70, 10, 166, 203, 41,
168, 2, 620, 460, 100, 120, 10, 20, 217, 93, 186,
168, 3, 480, 700, 200, 220, 40, 40, 240, 161, 128,
168, 4, 460, 90, 190, 90, 20, 50, 65, 243, 34,
169, 0, 910, 490, 140, 230, 20, 70, 218, 64, 64,
169, 7, 600, 840, 210, 190, 40, 20, 149, 67, 53,
169, 3, 120, 310, 60, 90, 10, 60, 115, 197, 201,
169, 2, 240, 720, 130, 230, 40, 40, 64, 162, 248,
172, 8, 910, 250, 160, 60, 70, 80, 122, 58, 63,
175, 4, 830, 220, 220, 220, 0, 10, 160, 148, 5,
175, 4, 820, 340, 90, 80, 70, 70, 247, 229, 135,
178, 8, 350, 390, 230, 140, 40, 40, 207, 45, 21,
178, 3, 70, 140, 170, 190, 80, 80, 120, 97, 18,
179, 4, 40, 600, 230, 190, 30, 70, 39, 119, 11,
179, 1, 460, 270, 120, 60, 0, 30, 96, 234, 240,
179, 7, 140, 200, 100, 50, 70, 90, 71, 81, 236,
181, 4, 490, 230, 120, 60, 60, 50, 210, 66, 207,
181, 5, 900, 460, 200, 130, 90, 80, 231, 157, 204,
181, 4, 160, 30, 150, 240, 0, 90, 199, 181, 183,
181, 5, 620, 260, 200, 70, 40, 80, 227, 198, 70,
181, 8, 570, 860, 210, 160, 70, 30, 95, 197, 224,
182, 3, 380, 250, 210, 110, 20, 10, 154, 12, 15,
182, 7, 470, 250, 80, 150, 20, 60, 79, 239, 244,
182, 8, 500, 390, 110, 60, 80, 50, 248, 179, 15,
182, 5, 730, 520, 150, 180, 70, 10, 150, 133, 246,
183, 2, 930, 690, 130, 50, 80, 60, 109, 113, 179,
183, 5, 290, 810, 180, 200, 10, 30, 112, 172, 92,
184, 5, 610, 660, 220, 90, 60, 60, 3, 76, 150,
184, 9, 570, 780, 130, 60, 50, 80, 106, 224, 191,
184, 0, 330, 420, 170, 50, 20, 10, 220, 85, 53,
184, 8, 920, 600, 160, 140, 90, 10, 25, 13, 62,
185, 6, 170, 360, 50, 90, 80, 50, 183, 244, 23,
185, 0, 490, 970, 90, 170, 0, 20, 16, 235, 175,
187, 1, 430, 80, 60, 160, 20, 20, 79, 14, 6,
187, 1, 740, 930, 70, 230, 0, 30, 40, 117, 85,
187, 3, 360, 300, 150, 120, 60, 90, 110, 234, 67,
187, 6, 460, 860, 70, 200, 50, 30, 190, 135, 90,
190, 8, 370, 380, 100, 70, 70, 80, 211, 250, 61,
190, 2, 380, 90, 50, 110, 20, 90, 166, 122, 254,
190, 9, 720, 900, 160, 80, 90, 70, 48, 55, 73,
190, 1, 890, 350, 110, 120, 0, 70, 39, 132, 9,
190, 2, 180, 80, 100, 190, 70, 80, 221, 60, 144,
193, 2, 270, 300, 190, 80, 50, 50, 220, 244, 39,
195, 1, 60, 930, 200, 50, 70, 40, 7, 106, 74,
195, 2, 600, 60, 220, 240, 30, 30, 155, 127, 30,
195, 9, 250, 260, 170, 120, 80, 30, 173, 28, 111,
198, 8, 350, 590, 60, 220, 70, 80, 61, 175, 35,
198, 2, 470, 840, 170, 240, 90, 30, 173, 185, 104,
198, 7, 930, 150, 80, 100, 40, 10, 243, 158, 185,
198, 8, 700, 490, 80, 90, 60, 0, 129, 135, 192,
198, 2, 0, 400, 210, 160, 20, 80, 74, 74, 140,
201, 0, 710, 350, 130, 220, 30, 60, 27, 177, 238,
201, 1, 620, 850, 100, 220, 20, 80, 95, 43, 53,
204, 0, 650, 850, 70, 100, 60, 10, 195, 60, 48,
205, 2, 520, 850, 240, 210, 0, 10, 148, 54, 10,
205, 8, 270, 620, 180, 240, 80, 30, 190, 59, 17,
205, 2, 710, 180, 190, 150, 0, 90, 60, 211, 99,
205, 9, 130, 110, 70, 140, 30, 0, 26, 161, 1,
206, 6, 370, 940, 210, 70, 70, 40, 116, 136, 104,
206, 8, 70, 830, 100, 90, 50, 0, 127, 236, 188,
206, 8, 890, 640, 100, 60, 30, 80, 207, 144, 204,
209, 1, 530, 740, 110, 240, 20, 90, 201, 23, 119,
209, 8, 370, 960, 180, 210, 20, 40, 1, 139, 17,
209, 1, 470, 960, 130, 180, 60, 60, 224, 127, 121,
209, 4, 580, 750, 50, 110, 20, 60, 3, 164, 68,
209, 7, 70, 500, 70, 210, 60, 70, 149, 169, 50,
212, 5, 290, 630, 50, 230, 40, 40, 41, 249, 235,
212, 2, 600, 740, 60, 210, 80, 30, 98, 1, 44,
215, 3, 500, 100, 180, 230, 50, 60, 126, 254, 151,
215, 2, 360, 810, 120, 80, 40, 60, 248, 209, 95,
215, 9, 720, 870, 120, 230, 40, 80, 153, 53, 71,
216, 7, 910, 170, 180, 180, 90, 0, 192, 221, 253,
216, 3, 590, 570, 90, 180, 10, 60, 224, 104, 253,
218, 9, 650, 90, 200, 70, 10, 40, 50, 94, 102,
219, 9, 630, 420, 100, 170, 10, 30, 136, 168, 34,
219, 3, 310, 690, 110, 180, 60, 80, 158, 210, 173,
219, 4, 920, 870, 60, 120, 40, 90, 214, 89, 36,
219, 2, 890, 710, 60, 150, 50, 80, 202, 217, 62,
219, 1, 950, 800, 180, 190, 40, 30, 120, 242, 105,
221, 9, 490, 500, 150, 240, 30, 50, 172, 160, 20,
221, 1, 470, 40, 170, 140, 60, 70, 134, 198, 77,
221, 3, 350, 770, 100, 160, 30, 30, 40, 98, 82,
221, 3, 390, 890, 230, 240, 70, 30, 244, 12, 80,
221, 5, 420, 340, 150, 180, 80, 40, 80, 96, 52,
224, 2, 160, 990, 110, 170, 50, 60, 189, 200, 212,
224, 3, 100, 50, 160, 210, 60, 80, 141, 79, 19,
224, 1, 220, 640, 180, 160, 20, 40, 203, 61, 100,
224, 3, 750, 330, 140, 70, 0, 70, 20, 57, 158,
226, 7, 880, 20, 210, 220, 40, 90, 100, 49, 22,
226, 8, 900, 340, 70, 60, 80, 0, 78, 78, 247,
226, 8, 750, 160, 50, 170, 70, 80, 26, 68, 181,
226, 5, 690, 660, 200, 230, 60, 50, 184, 234, 213,
229, 6, 430, 900, 110, 210, 0, 30, 69, 36, 82,
229, 0, 920, 650, 170, 130, 60, 50, 179, 79, 32,
230, 3, 480, 710, 160, 100, 10, 40, 187, 245, 78,
233, 7, 770, 780, 240, 180, 30, 90, 218, 27, 73,
233, 1, 860, 50, 150, 120, 60, 0, 135, 41, 152,
233, 3, 80, 290, 240, 170, 70, 10, 24, 245, 11,
233, 3, 340, 930, 160, 90, 50, 20, 252, 125, 43,
233, 1, 690, 970, 130, 120, 90, 10, 110, 77, 43,
235, 4, 960, 190, 160, 160, 50, 0, 27, 195, 126,
235, 4, 410, 550, 160, 220, 30, 40, 66, 72, 208,
235, 1, 660, 520, 210, 220, 10, 0, 144, 11, 26,
235, 3, 930, 950, 60, 150, 50, 10, 253, 73, 65,
238, 6, 760, 70, 160, 120, 30, 60, 224, 235, 213,
238, 7, 910, 490, 200, 130, 0, 40, 24, 253, 85,
238, 0, 490, 960, 180, 180, 70, 0, 222, 11, 136,
241, 6, 160, 740, 150, 120, 80, 0, 227, 208, 177,
241, 7, 120, 220, 240, 210, 60, 60, 100, 205, 210,
241, 8, 700, 70, 200, 210, 10, 10, 41, 241, 68,
241, 7, 350, 30, 170, 120, 80, 60, 4, 151, 171,
241, 4, 850, 840, 160, 210, 60, 40, 227, 45, 176,
243, 0, 720, 220, 150, 230, 50, 0, 12, 220, 204,
243, 1, 170, 40, 170, 160, 50, 50, 38, 52, 98,
243, 7, 250, 770, 150, 240, 60, 20, 118, 39, 142,
243, 6, 90, 340, 90, 230, 0, 20, 172, 249, 232,
245, 1, 310, 670, 180, 50, 0, 50, 179, 230, 63,
245, 2, 240, 960, 130, 220, 0, 40, 77, 0, 160,
245, 6, 440, 550, 90, 200, 80, 20, 235, 91, 87,
247, 5, 540, 470, 190, 100, 40, 70, 148, 189, 72,
247, 4, 720, 450, 180, 150, 60, 90, 69, 31, 44,
247, 8, 410, 0, 240, 210, 40, 10, 91, 48, 212,
247, 7, 650, 970, 130, 120, 60, 70, 96, 127, 133,
248, 4, 340, 40, 230, 220, 80, 80, 164, 106, 116,
248, 2, 870, 30, 100, 50, 50, 20, 136, 135, 240,
250, 9, 630, 180, 100, 70, 10, 90, 4, 40, 2,
250, 5, 10, 930, 80, 170, 30, 20, 2, 195, 52,
250, 5, 30, 890, 240, 60, 90, 50, 8, 74, 130,
250, 5, 370, 510, 140, 220, 70, 80, 61, 48, 4,
252, 7, 590, 790, 170, 110, 10, 90, 166, 113, 9,
252, 1, 650, 190, 70, 50, 10, 10, 37, 175, 91,
252, 7, 580, 600, 100, 130, 10, 60, 22, 36, 83,
252, 3, 80, 980, 110, 140, 20, 30, 226, 251, 60,
252, 9, 370, 280, 60, 160, 40, 60, 6, 133, 24,
254, 5, 50, 880, 220, 210, 40, 40, 163, 218, 200,
257, 9, 720, 540, 190, 110, 20, 80, 93, 97, 45,
257, 7, 320, 250, 200, 230, 10, 90, 111, 228, 121,
257, 6, 310, 750, 50, 170, 60, 80, 77, 8, 220,
257, 6, 200, 800, 230, 160, 40, 90, 13, 4, 195,
259, 7, 440, 390, 150, 220, 0, 50, 208, 182, 205,
259, 9, 490, 100, 180, 240, 70, 80, 11, 117, 221,
261, 2, 660, 830, 110, 170, 30, 20, 201, 223, 85,
261, 4, 680, 560, 180, 50, 30, 20, 141, 0, 6,
261, 4, 10, 310, 50, 110, 70, 30, 191, 139, 133,
261, 5, 860, 460, 110, 100, 40, 40, 119, 165, 19,
264, 1, 730, 230, 130, 120, 30, 30, 219, 88, 91,
264, 8, 920, 380, 190, 130, 90, 50, 25, 130, 70,
264, 3, 740, 450, 60, 230, 0, 0, 225, 8, 173,
264, 7, 560, 640, 150, 50, 40, 90, 91, 131, 29,
264, 9, 270, 550, 110, 200, 30, 40, 139, 46, 147,
265, 8, 660, 760, 230, 240, 90, 90, 28, 192, 50,
268, 2, 830, 610, 210, 120, 30, 90, 27, 202, 73,
268, 8, 50, 690, 60, 230, 50, 30, 107, 188, 14,
268, 8, 240, 30, 180, 150, 40, 80, 127, 62, 85,
268, 8, 320, 970, 130, 200, 20, 0, 66, 113, 33,
270, 6, 450, 280, 180, 180, 20, 90, 249, 21, 139,
270, 2, 790, 570, 210, 210, 30, 40, 113, 6, 130,
273, 3, 620, 210, 90, 200, 10, 0, 16, 43, 205,
275, 4, 200, 110, 140, 220, 20, 60, 177, 196, 150,
275, 6, 700, 420, 150, 240, 90, 10, 188, 247, 254,
275, 1, 190, 350, 180, 130, 30, 40, 222, 29, 13,
275, 8, 590, 960, 50, 240, 40, 0, 89, 89, 62,
276, 5, 330, 380, 200, 120, 30, 90, 46, 116, 252,
277, 3, 60, 740, 140, 180, 90, 10, 227, 240, 199,
277, 8, 970, 400, 110, 70, 50, 30, 20, 180, 153,
277, 0, 500, 850, 140, 120, 70, 40, 136, 98, 134,
277, 5, 260, 700, 150, 150, 70, 40, 58, 206, 137,
280, 7, 760, 180, 220, 240, 30, 70, 101, 82, 72,
281, 4, 220, 580, 180, 80, 0, 0, 126, 188, 206,
283, 7, 710, 360, 80, 200, 10, 30, 139, 84, 98,
283, 5, 250, 600, 110, 210, 30, 70, 195, 67, 172,
283, 9, 760, 660, 100, 90, 0, 20, 122, 234, 203,
283, 2, 890, 160, 210, 180, 50, 10, 114, 156, 179,
283, 9, 440, 700, 220, 230, 30, 50, 64, 46, 125,
286, 5, 830, 370, 150, 50, 0, 10, 9, 182, 86,
286, 1, 650, 840, 80, 110, 40, 70, 75, 165, 64,
286, 1, 910, 70, 180, 90, 80, 50, 179, 189, 120,
286, 1, 230, 290, 180, 90, 0, 30, 124, 130, 162,
289, 2, 870, 720, 190, 60, 80, 30, 150, 43, 132,
289, 9, 230, 600, 180, 150, 80, 90, 19, 46, 216,
290, 3, 40, 380, 140, 180, 50, 30, 168, 169, 157,
290, 0, 410, 490, 200, 50, 40, 30, 149, 99, 32,
290, 2, 10, 890, 170, 60, 20, 50, 22, 221, 145,
292, 9, 630, 470, 60, 110, 80, 90, 28, 222, 145,
292, 7, 120, 870, 150, 50, 90, 10, 114, 48, 36,
292, 6, 310, 570, 210, 180, 60, 0, 2, 13, 61,
295, 1, 710, 890, 200, 100, 40, 50, 247, 150, 7,
295, 6, 690, 910, 170, 220, 90, 40, 165, 6, 83,
297, 9, 160, 80, 90, 220, 20, 40, 132, 142, 234,
297, 6, 680, 370, 160, 80, 70, 40, 189, 233, 64,
297, 2, 30, 70, 80, 60, 30, 20, 69, 6, 41,
299, 2, 50, 330, 170, 160, 40, 20, 145, 102, 108,
299, 9, 0, 750, 130, 190, 10, 80, 114, 210, 49,
299, 0, 500, 20, 190, 100, 30, 40, 121, 127, 155,
300, 6, 950, 690, 80, 180, 30, 90, 46, 189, 164,
300, 2, 630, 610, 80, 60, 0, 60, 206, 236, 246,
300, 2, 910, 190, 200, 190, 40, 10, 96, 145, 161,
300, 9, 750, 510, 130, 80, 50, 70, 194, 100, 38,
300, 6, 520, 570, 110, 90, 0, 40, 131, 55, 105,
303, 7, 280, 900, 180, 60, 70, 70, 157, 71, 180,
303, 5, 870, 110, 180, 240, 70, 90, 95, 36, 5,
305, 5, 450, 350, 210, 230, 80, 30, 100, 98, 34,
305, 7, 590, 610, 190, 190, 30, 90, 88, 22, 8,
305, 9, 270, 490, 180, 240, 70, 40, 63, 218, 5,
308, 8, 530, 560, 130, 160, 70, 80, 29, 60, 167,
309, 6, 680, 980, 160, 110, 0, 50, 43, 150, 217,
309, 5, 810, 840, 180, 110, 60, 60, 30, 149, 0,
311, 9, 900, 980, 120, 90, 60, 10, 92, 116, 127,
311, 1, 440, 870, 200, 130, 70, 10, 15, 225, 30,
311, 6, 640, 260, 60, 90, 10, 70, 216, 252, 125,
313, 6, 860, 170, 230, 210, 50, 50, 64, 54, 159,
313, 9, 270, 800, 60, 50, 0, 70, 135, 168, 133,
313, 4, 930, 550, 190, 200, 80, 70, 4, 47, 92,
314, 6, 200, 590, 150, 190, 70, 50, 117, 5, 209,
314, 4, 80, 40, 140, 130, 30, 90, 102, 122, 211,
314, 0, 160, 890, 90, 170, 20, 0, 86, 92, 186,
317, 2, 200, 0, 150, 60, 30, 30, 23, 77, 184,
317, 6, 920, 990, 160, 170, 70, 60, 174, 100, 142,
317, 1, 260, 900, 210, 60, 60, 70, 154, 143, 232,
320, 3, 40, 790, 90, 200, 50, 0, 120, 3, 245,
320, 8, 490, 740, 220, 150, 30, 50, 177, 207, 129,
322, 6, 600, 720, 230, 90, 40, 0, 240, 227, 196,
322, 8, 830, 430, 170, 140, 40, 0, 106, 193, 110,
322, 8, 60, 850, 120, 80, 60, 40, 16, 16, 55,
324, 5, 620, 410, 230, 240, 0, 70, 137, 205, 236,
324, 4, 970, 120, 240, 170, 50, 10, 88, 243, 225,
324, 9, 10, 90, 240, 210, 70, 80, 79, 208, 180,
324, 7, 810, 470, 160, 110, 80, 50, 205, 138, 156,
326, 5, 450, 400, 230, 220, 90, 40, 27, 142, 57,
326, 4, 420, 160, 180, 60, 80, 10, 205, 173, 215,
326, 4, 500, 660, 210, 120, 90, 10, 6, 179, 226,
326, 5, 0, 110, 210, 80, 70, 60, 230, 58, 84,
327, 3, 850, 640, 170, 190, 30, 70, 203, 7, 168,
327, 7, 770, 600, 240, 230, 70, 10, 0, 250, 33,
327, 9, 40, 120, 220, 140, 20, 10, 208, 193, 79,
327, 3, 520, 660, 230, 130, 0, 10, 198, 141, 102,
329, 8, 130, 450, 210, 190, 30, 40, 23, 233, 178,
329, 9, 80, 890, 210, 100, 70, 10, 212, 186, 64,
329, 5, 210, 10, 230, 50, 40, 10, 56, 97, 164,
329, 1, 920, 410, 120, 110, 40, 50, 203, 10, 202,
329, 3, 60, 980, 130, 110, 10, 0, 112, 149, 99,
332, 6, 770, 890, 110, 120, 40, 50, 49, 136, 226,
332, 7, 590, 160, 90, 160, 40, 10, 125, 171, 33,
332, 2, 340, 10, 110, 140, 0, 50, 211, 37, 171,
332, 9, 200, 840, 240, 130, 10, 70, 103, 50, 209,
332, 1, 780, 420, 130, 190, 90, 70, 147, 167, 78,
333, 7, 110, 590, 220, 50, 30, 40, 72, 233, 72,
333, 6, 980, 710, 200, 240, 20, 80, 35, 137, 173,
333, 7, 840, 380, 230, 160, 20, 20, 84, 245, 66,
333, 0, 350, 600, 170, 180, 30, 50, 129, 90, 242,
335, 0, 60, 430, 150, 130, 50, 80, 233, 221, 252,
335, 1, 770, 700, 240, 120, 40, 40, 184, 23, 41,
335, 2, 80, 560, 210, 130, 40, 80, 196, 144, 103,
337, 1, 200, 920, 70, 180, 50, 40, 221, 95, 108,
337, 9, 570, 910, 70, 110, 40, 70, 106, 144, 104,
338, 2, 470, 600, 130, 100, 30, 80, 235, 1, 154,
338, 8, 840, 630, 210, 50, 0, 70, 34, 126, 161,
338, 8, 240, 20, 150, 170, 30, 10, 180, 136, 218,
338, 6, 560, 530, 230, 160, 10, 10, 112, 75, 111,
340, 1, 720, 540, 100, 160, 0, 60, 21, 215, 220,
340, 8, 10, 700, 190, 230, 40, 50, 164, 160, 214,
343, 2, 480, 440, 80, 210, 10, 80, 159, 41, 120,
343, 5, 480, 360, 150, 160, 30, 50, 202, 42, 70,
343, 3, 720, 440, 60, 170, 40, 70, 56, 174, 249,
343, 5, 320, 930, 120, 150, 20, 90, 130, 16, 66,
343, 1, 640, 370, 230, 140, 70, 50, 7, 215, 173,
346, 4, 330, 470, 160, 80, 0, 20, 167, 109, 221,
346, 6, 600, 170, 70, 200, 30, 70, 64, 174, 251,
346, 9, 990, 670, 190, 150, 50, 50, 135, 247, 128,
346, 9, 730, 0, 210, 160, 30, 0, 20, 225, 130,
347, 5, 330, 950, 240, 70, 10, 0, 245, 254, 210,
347, 3, 470, 520, 210, 60, 80, 70, 109, 56, 205,
349, 1, 870, 950, 150, 140, 80, 40, 180, 246, 183,
349, 4, 830, 630, 150, 150, 30, 90, 217, 28, 19,
349, 7, 630, 610, 130, 220, 0, 60, 231, 159, 130,
349, 1, 10, 780, 190, 230, 10, 0, 159, 16, 247,
349, 4, 420, 890, 230, 130, 40, 10, 17, 188, 219,
350, 7, 720, 140, 150, 210, 20, 30, 182, 207, 71,
350, 1, 670, 980, 150, 200, 90, 90, 29, 174, 175,
350, 8, 770, 700, 50, 90, 50, 60, 167, 188, 117,
350, 5, 220, 390, 60, 190, 50, 20, 253, 62, 148,
350, 7, 240, 30, 120, 190, 60, 20, 159, 30, 103,
351, 6, 350, 120, 200, 100, 20, 10, 107, 84, 211,
351, 0, 760, 720, 60, 140, 60, 20, 182, 237, 91,
351, 9, 430, 650, 60, 180, 50, 60, 113, 153, 239,
351, 4, 40, 420, 80, 140, 10, 60, 165, 44, 249,
353, 6, 900, 170, 230, 170, 10, 20, 224, 177, 199,
353, 8, 300, 420, 170, 220, 30, 50, 24, 37, 182,
355, 3, 640, 960, 110, 220, 20, 30, 130, 94, 240,
355, 8, 790, 990, 110, 170, 10, 80, 109, 180, 149,
355, 4, 780, 470, 110, 70, 60, 50, 228, 145, 69,
355, 7, 770, 290, 190, 230, 50, 10, 43, 160, 112,
358, 1, 990, 130, 150, 110, 70, 90, 194, 146, 51,
361, 5, 840, 320, 120, 190, 0, 90, 232, 182, 214,
361, 1, 450, 260, 70, 140, 70, 40, 76, 222, 152,
361, 2, 980, 960, 70, 180, 80, 40, 86, 32, 19,
361, 2, 430, 820, 70, 60, 0, 90, 209, 100, 121,
363, 7, 610, 370, 190, 170, 20, 40, 127, 206, 76,
363, 0, 900, 440, 210, 110, 60, 0, 35, 68, 249,
364, 1, 150, 100, 110, 110, 60, 60, 152, 49, 98,
364, 5, 900, 980, 110, 120, 20, 80, 20, 136, 95,
367, 2, 930, 810, 140, 120, 50, 40, 126, 124, 236,
367, 7, 550, 350, 90, 180, 80, 80, 181, 196, 186,
367, 1, 750, 500, 150, 230, 0, 70, 64, 252, 233,
368, 4, 610, 30, 130, 90, 60, 90, 127, 146, 7,
368, 2, 180, 650, 50, 200, 30, 10, 21, 119, 44,
368, 7, 330, 470, 50, 70, 70, 20, 1, 4, 198,
368, 7, 900, 680, 230, 190, 30, 0, 41, 150, 105,
368, 5, 560, 620, 50, 240, 60, 10, 94, 191, 145,
369, 5, 340, 240, 120, 200, 0, 10, 167, 162, 143,
369, 2, 990, 890, 90, 60, 80, 50, 35, 195, 22,
370, 0, 450, 530, 50, 230, 90, 10, 8, 78, 10,
371, 9, 520, 30, 110, 90, 70, 20, 55, 204, 242,
371, 4, 470, 530, 60, 180, 0, 60, 85, 87, 120,
373, 9, 430, 380, 230, 90, 70, 40, 226, 143, 232,
373, 3, 240, 390, 180, 190, 20, 40, 161, 58, 236,
376, 7, 40, 550, 200, 170, 90, 20, 42, 79, 139,
376, 9, 650, 630, 230, 220, 10, 90, 148, 115, 6,
376, 3, 980, 420, 210, 210, 20, 80, 20, 43, 207,
376, 5, 770, 910, 110, 110, 60, 60, 211, 162, 72,
376, 4, 20, 170, 230, 60, 70, 20, 239, 218, 215,
378, 8, 930, 870, 170, 140, 60, 50, 152, 57, 175,
378, 5, 980, 540, 80, 200, 90, 40, 27, 238, 228,
378, 3, 520, 940, 150, 220, 30, 70, 204, 134, 134,
381, 4, 150, 490, 210, 130, 40, 10, 2, 43, 125,
381, 5, 970, 190, 70, 60, 70, 60, 121, 188, 79,
381, 9, 520, 10, 90, 100, 0, 20, 74, 135, 41,
381, 3, 820, 70, 180, 80, 50, 60, 10, 219, 84,
382, 0, 830, 370, 210, 160, 60, 0, 66, 174, 153,
382, 4, 770, 620, 200, 240, 50, 30, 147, 234, 142,
382, 9, 770, 40, 110, 240, 70, 80, 165, 71, 176,
383, 3, 20, 420, 150, 110, 90, 20, 155, 116, 33,
383, 5, 750, 400, 80, 90, 70, 70, 177, 113, 61,
383, 9, 880, 950, 50, 160, 90, 80, 153, 131, 210,
383, 3, 670, 70, 200, 210, 30, 20, 248, 212, 135,
383, 4, 590, 840, 180, 60, 70, 50, 153, 2, 18,
386, 6, 830, 720, 60, 160, 0, 20, 32, 54, 201,
386, 8, 780, 440, 120, 240, 10, 30, 252, 105, 213,
386, 2, 630, 340, 180, 120, 0, 40, 91, 80, 128,
389, 2, 230, 630, 130, 200, 60, 60, 62, 200, 142,
389, 6, 580, 360, 220, 160, 50, 80, 186, 37, 152,
389, 8, 960, 850, 120, 60, 10, 50, 206, 44, 35,
389, 2, 130, 530, 60, 160, 70, 30, 230, 111, 60,
392, 2, 130, 950, 210, 230, 70, 30, 124, 23, 209,
392, 3, 110, 600, 170, 220, 60, 40, 252, 45, 241,
392, 3, 730, 550, 50, 60, 30, 10, 228, 47, 158,
392, 5, 900, 450, 160, 150, 50, 0, 72, 137, 215,
392, 6, 300, 780, 140, 100, 30, 40, 225, 23, 167,
394, 7, 430, 340, 100, 140, 60, 40, 26, 237, 118,
394, 6, 800, 290, 160, 90, 70, 80, 193, 188, 36,
395, 8, 670, 170, 140, 110, 0, 20, 161, 101, 248,
395, 3, 570, 90, 50, 140, 90, 90, 119, 186, 77,
397, 4, 590, 890, 110, 240, 0, 80, 63, 154, 222,
398, 8, 590, 500, 110, 180, 30, 50, 219, 196, 154,
398, 5, 970, 200, 90, 210, 20, 50, 27, 153, 143,
398, 4, 320, 920, 100, 90, 10, 20, 142, 171, 214,
398, 1, 320, 130, 70, 200, 50, 70, 177, 25, 76,
399, 3, 150, 630, 130, 60, 60, 70, 209, 144, 75,
399, 4, 360, 280, 200, 100, 80, 10, 228, 87, 243,
399, 7, 800, 150, 190, 230, 0, 80, 44, 71, 189,
399, 4, 390, 510, 120, 120, 40, 90, 85, 161, 65,
399, 8, 650, 260, 160, 180, 50, 90, 103, 178, 206,
401, 1, 720, 600, 150, 160, 40, 60, 235, 244, 186,
